image,path,uncertainty
0000103_00180_d_0000026.jpg,data\drifted\fog\val\images\0000103_00180_d_0000026.jpg,1.0
0000103_04948_d_0000035.jpg,data\drifted\fog\val\images\0000103_04948_d_0000035.jpg,0.7385
0000313_07001_d_0000471.jpg,data\drifted\fog\val\images\0000313_07001_d_0000471.jpg,0.6977
0000103_02544_d_0000029.jpg,data\drifted\fog\val\images\0000103_02544_d_0000029.jpg,0.6861
0000021_00500_d_0000002.jpg,data\drifted\fog\val\images\0000021_00500_d_0000002.jpg,0.6479
0000021_00800_d_0000003.jpg,data\drifted\fog\val\images\0000021_00800_d_0000003.jpg,0.6248
0000055_00000_d_0000109.jpg,data\drifted\fog\val\images\0000055_00000_d_0000109.jpg,0.6209
0000055_00714_d_0000110.jpg,data\drifted\fog\val\images\0000055_00714_d_0000110.jpg,0.6196
0000364_01569_d_0000781.jpg,data\drifted\fog\val\images\0000364_01569_d_0000781.jpg,0.6186
0000024_00500_d_0000013.jpg,data\drifted\fog\val\images\0000024_00500_d_0000013.jpg,0.6181
0000364_00589_d_0000798.jpg,data\drifted\fog\val\images\0000364_00589_d_0000798.jpg,0.6155
0000001_04527_d_0000008.jpg,data\drifted\fog\val\images\0000001_04527_d_0000008.jpg,0.6152
0000291_00001_d_0000868.jpg,data\drifted\fog\val\images\0000291_00001_d_0000868.jpg,0.6142
0000081_00000_d_0000001.jpg,data\drifted\fog\val\images\0000081_00000_d_0000001.jpg,0.6124
0000022_00500_d_0000005.jpg,data\drifted\fog\val\images\0000022_00500_d_0000005.jpg,0.6106
0000001_07999_d_0000012.jpg,data\drifted\fog\val\images\0000001_07999_d_0000012.jpg,0.6092
0000024_00000_d_0000012.jpg,data\drifted\fog\val\images\0000024_00000_d_0000012.jpg,0.6085
0000086_01954_d_0000005.jpg,data\drifted\fog\val\images\0000086_01954_d_0000005.jpg,0.6077
0000193_02416_d_0000116.jpg,data\drifted\fog\val\images\0000193_02416_d_0000116.jpg,0.6009
0000022_01036_d_0000006.jpg,data\drifted\fog\val\images\0000022_01036_d_0000006.jpg,0.5979
0000115_00796_d_0000081.jpg,data\drifted\fog\val\images\0000115_00796_d_0000081.jpg,0.5953
0000276_05601_d_0000535.jpg,data\drifted\fog\val\images\0000276_05601_d_0000535.jpg,0.5939
0000193_02606_d_0000117.jpg,data\drifted\fog\val\images\0000193_02606_d_0000117.jpg,0.5889
0000022_00000_d_0000004.jpg,data\drifted\fog\val\images\0000022_00000_d_0000004.jpg,0.588
0000023_00000_d_0000008.jpg,data\drifted\fog\val\images\0000023_00000_d_0000008.jpg,0.588
0000364_01765_d_0000782.jpg,data\drifted\fog\val\images\0000364_01765_d_0000782.jpg,0.5869
0000244_01500_d_0000004.jpg,data\drifted\fog\val\images\0000244_01500_d_0000004.jpg,0.5861
0000023_00300_d_0000009.jpg,data\drifted\fog\val\images\0000023_00300_d_0000009.jpg,0.5836
0000103_02964_d_0000030.jpg,data\drifted\fog\val\images\0000103_02964_d_0000030.jpg,0.5831
0000162_00401_d_0000001.jpg,data\drifted\fog\val\images\0000162_00401_d_0000001.jpg,0.5818
0000162_01058_d_0000001.jpg,data\drifted\fog\val\images\0000162_01058_d_0000001.jpg,0.5806
0000364_01373_d_0000780.jpg,data\drifted\fog\val\images\0000364_01373_d_0000780.jpg,0.58
0000193_01497_d_0000111.jpg,data\drifted\fog\val\images\0000193_01497_d_0000111.jpg,0.5797
0000086_01443_d_0000004.jpg,data\drifted\fog\val\images\0000086_01443_d_0000004.jpg,0.579
0000242_06452_d_0000018.jpg,data\drifted\fog\val\images\0000242_06452_d_0000018.jpg,0.5778
0000213_02500_d_0000240.jpg,data\drifted\fog\val\images\0000213_02500_d_0000240.jpg,0.5776
0000291_03201_d_0000884.jpg,data\drifted\fog\val\images\0000291_03201_d_0000884.jpg,0.5751
0000021_00000_d_0000001.jpg,data\drifted\fog\val\images\0000021_00000_d_0000001.jpg,0.5748
0000276_04601_d_0000530.jpg,data\drifted\fog\val\images\0000276_04601_d_0000530.jpg,0.5724
0000356_02941_d_0000644.jpg,data\drifted\fog\val\images\0000356_02941_d_0000644.jpg,0.5718
0000276_05801_d_0000536.jpg,data\drifted\fog\val\images\0000276_05801_d_0000536.jpg,0.5706
0000001_03999_d_0000007.jpg,data\drifted\fog\val\images\0000001_03999_d_0000007.jpg,0.5704
0000154_00801_d_0000001.jpg,data\drifted\fog\val\images\0000154_00801_d_0000001.jpg,0.5698
0000024_01000_d_0000014.jpg,data\drifted\fog\val\images\0000024_01000_d_0000014.jpg,0.5687
0000194_00625_d_0000122.jpg,data\drifted\fog\val\images\0000194_00625_d_0000122.jpg,0.5683
0000086_00592_d_0000002.jpg,data\drifted\fog\val\images\0000086_00592_d_0000002.jpg,0.5683
0000291_01401_d_0000875.jpg,data\drifted\fog\val\images\0000291_01401_d_0000875.jpg,0.5682
0000244_03500_d_0000008.jpg,data\drifted\fog\val\images\0000244_03500_d_0000008.jpg,0.5681
0000273_05601_d_0000466.jpg,data\drifted\fog\val\images\0000273_05601_d_0000466.jpg,0.5681
0000244_04000_d_0000009.jpg,data\drifted\fog\val\images\0000244_04000_d_0000009.jpg,0.5673
0000295_01400_d_0000028.jpg,data\drifted\fog\val\images\0000295_01400_d_0000028.jpg,0.5668
0000244_02500_d_0000006.jpg,data\drifted\fog\val\images\0000244_02500_d_0000006.jpg,0.565
0000086_01084_d_0000003.jpg,data\drifted\fog\val\images\0000086_01084_d_0000003.jpg,0.5648
0000276_04001_d_0000527.jpg,data\drifted\fog\val\images\0000276_04001_d_0000527.jpg,0.5643
0000193_02725_d_0000118.jpg,data\drifted\fog\val\images\0000193_02725_d_0000118.jpg,0.5632
0000116_00819_d_0000084.jpg,data\drifted\fog\val\images\0000116_00819_d_0000084.jpg,0.5632
0000291_00401_d_0000870.jpg,data\drifted\fog\val\images\0000291_00401_d_0000870.jpg,0.563
0000153_00401_d_0000001.jpg,data\drifted\fog\val\images\0000153_00401_d_0000001.jpg,0.5603
0000194_00399_d_0000121.jpg,data\drifted\fog\val\images\0000194_00399_d_0000121.jpg,0.5602
0000291_03801_d_0000887.jpg,data\drifted\fog\val\images\0000291_03801_d_0000887.jpg,0.5602
0000022_01251_d_0000007.jpg,data\drifted\fog\val\images\0000022_01251_d_0000007.jpg,0.5602
0000280_03001_d_0000627.jpg,data\drifted\fog\val\images\0000280_03001_d_0000627.jpg,0.5598
0000244_06388_d_0000014.jpg,data\drifted\fog\val\images\0000244_06388_d_0000014.jpg,0.5596
0000280_00801_d_0000616.jpg,data\drifted\fog\val\images\0000280_00801_d_0000616.jpg,0.5587
0000356_04705_d_0000653.jpg,data\drifted\fog\val\images\0000356_04705_d_0000653.jpg,0.5586
0000194_00200_d_0000120.jpg,data\drifted\fog\val\images\0000194_00200_d_0000120.jpg,0.557
0000359_00981_d_0000704.jpg,data\drifted\fog\val\images\0000359_00981_d_0000704.jpg,0.5568
0000277_00401_d_0000541.jpg,data\drifted\fog\val\images\0000277_00401_d_0000541.jpg,0.5567
0000289_01201_d_0000817.jpg,data\drifted\fog\val\images\0000289_01201_d_0000817.jpg,0.5567
0000291_00201_d_0000869.jpg,data\drifted\fog\val\images\0000291_00201_d_0000869.jpg,0.5566
0000154_02001_d_0000001.jpg,data\drifted\fog\val\images\0000154_02001_d_0000001.jpg,0.5549
0000348_00589_d_0000409.jpg,data\drifted\fog\val\images\0000348_00589_d_0000409.jpg,0.5543
0000193_02212_d_0000115.jpg,data\drifted\fog\val\images\0000193_02212_d_0000115.jpg,0.5541
0000271_07201_d_0000408.jpg,data\drifted\fog\val\images\0000271_07201_d_0000408.jpg,0.5531
0000291_01201_d_0000874.jpg,data\drifted\fog\val\images\0000291_01201_d_0000874.jpg,0.5531
0000155_01201_d_0000001.jpg,data\drifted\fog\val\images\0000155_01201_d_0000001.jpg,0.5531
0000289_04201_d_0000832.jpg,data\drifted\fog\val\images\0000289_04201_d_0000832.jpg,0.553
0000213_02965_d_0000241.jpg,data\drifted\fog\val\images\0000213_02965_d_0000241.jpg,0.5527
0000116_01338_d_0000086.jpg,data\drifted\fog\val\images\0000116_01338_d_0000086.jpg,0.552
0000155_00801_d_0000001.jpg,data\drifted\fog\val\images\0000155_00801_d_0000001.jpg,0.5518
0000116_01059_d_0000085.jpg,data\drifted\fog\val\images\0000116_01059_d_0000085.jpg,0.5517
0000356_03333_d_0000646.jpg,data\drifted\fog\val\images\0000356_03333_d_0000646.jpg,0.551
0000242_01139_d_0000006.jpg,data\drifted\fog\val\images\0000242_01139_d_0000006.jpg,0.5503
0000327_04201_d_0000732.jpg,data\drifted\fog\val\images\0000327_04201_d_0000732.jpg,0.5501
0000153_00801_d_0000001.jpg,data\drifted\fog\val\images\0000153_00801_d_0000001.jpg,0.5494
0000154_01601_d_0000001.jpg,data\drifted\fog\val\images\0000154_01601_d_0000001.jpg,0.5488
0000289_04401_d_0000833.jpg,data\drifted\fog\val\images\0000289_04401_d_0000833.jpg,0.5484
0000291_01001_d_0000873.jpg,data\drifted\fog\val\images\0000291_01001_d_0000873.jpg,0.5484
0000313_06401_d_0000468.jpg,data\drifted\fog\val\images\0000313_06401_d_0000468.jpg,0.548
0000244_00500_d_0000002.jpg,data\drifted\fog\val\images\0000244_00500_d_0000002.jpg,0.545
0000342_00393_d_0000244.jpg,data\drifted\fog\val\images\0000342_00393_d_0000244.jpg,0.5442
0000256_02173_d_0000030.jpg,data\drifted\fog\val\images\0000256_02173_d_0000030.jpg,0.5441
0000346_07057_d_0000382.jpg,data\drifted\fog\val\images\0000346_07057_d_0000382.jpg,0.5439
0000295_01600_d_0000029.jpg,data\drifted\fog\val\images\0000295_01600_d_0000029.jpg,0.5434
0000194_00000_d_0000119.jpg,data\drifted\fog\val\images\0000194_00000_d_0000119.jpg,0.5417
0000153_01201_d_0000001.jpg,data\drifted\fog\val\images\0000153_01201_d_0000001.jpg,0.5401
0000155_01601_d_0000001.jpg,data\drifted\fog\val\images\0000155_01601_d_0000001.jpg,0.5398
0000316_01001_d_0000524.jpg,data\drifted\fog\val\images\0000316_01001_d_0000524.jpg,0.5398
0000276_00001_d_0000507.jpg,data\drifted\fog\val\images\0000276_00001_d_0000507.jpg,0.5398
0000165_04325_d_0000105.jpg,data\drifted\fog\val\images\0000165_04325_d_0000105.jpg,0.5398
0000193_02029_d_0000114.jpg,data\drifted\fog\val\images\0000193_02029_d_0000114.jpg,0.5395
0000023_01233_d_0000011.jpg,data\drifted\fog\val\images\0000023_01233_d_0000011.jpg,0.5392
0000283_00801_d_0000678.jpg,data\drifted\fog\val\images\0000283_00801_d_0000678.jpg,0.5387
0000155_01871_d_0000001.jpg,data\drifted\fog\val\images\0000155_01871_d_0000001.jpg,0.5383
0000153_01601_d_0000001.jpg,data\drifted\fog\val\images\0000153_01601_d_0000001.jpg,0.5376
0000276_02801_d_0000521.jpg,data\drifted\fog\val\images\0000276_02801_d_0000521.jpg,0.5371
0000291_02601_d_0000881.jpg,data\drifted\fog\val\images\0000291_02601_d_0000881.jpg,0.5368
0000283_00601_d_0000677.jpg,data\drifted\fog\val\images\0000283_00601_d_0000677.jpg,0.5366
0000356_02353_d_0000641.jpg,data\drifted\fog\val\images\0000356_02353_d_0000641.jpg,0.5363
0000327_03601_d_0000729.jpg,data\drifted\fog\val\images\0000327_03601_d_0000729.jpg,0.5362
0000291_04001_d_0000888.jpg,data\drifted\fog\val\images\0000291_04001_d_0000888.jpg,0.536
0000316_00801_d_0000523.jpg,data\drifted\fog\val\images\0000316_00801_d_0000523.jpg,0.5356
0000117_00112_d_0000087.jpg,data\drifted\fog\val\images\0000117_00112_d_0000087.jpg,0.5351
0000166_00558_d_0000118.jpg,data\drifted\fog\val\images\0000166_00558_d_0000118.jpg,0.5349
0000316_00001_d_0000519.jpg,data\drifted\fog\val\images\0000316_00001_d_0000519.jpg,0.5346
0000327_00601_d_0000714.jpg,data\drifted\fog\val\images\0000327_00601_d_0000714.jpg,0.5343
0000360_05685_d_0000742.jpg,data\drifted\fog\val\images\0000360_05685_d_0000742.jpg,0.5342
0000287_01801_d_0000768.jpg,data\drifted\fog\val\images\0000287_01801_d_0000768.jpg,0.5342
0000155_00001_d_0000001.jpg,data\drifted\fog\val\images\0000155_00001_d_0000001.jpg,0.5341
0000327_04001_d_0000731.jpg,data\drifted\fog\val\images\0000327_04001_d_0000731.jpg,0.5339
0000360_00785_d_0000717.jpg,data\drifted\fog\val\images\0000360_00785_d_0000717.jpg,0.5326
0000277_01601_d_0000547.jpg,data\drifted\fog\val\images\0000277_01601_d_0000547.jpg,0.532
0000313_06601_d_0000469.jpg,data\drifted\fog\val\images\0000313_06601_d_0000469.jpg,0.5303
0000295_02400_d_0000033.jpg,data\drifted\fog\val\images\0000295_02400_d_0000033.jpg,0.5301
0000280_00601_d_0000615.jpg,data\drifted\fog\val\images\0000280_00601_d_0000615.jpg,0.5301
0000163_00359_d_0000001.jpg,data\drifted\fog\val\images\0000163_00359_d_0000001.jpg,0.5297
0000291_05201_d_0000893.jpg,data\drifted\fog\val\images\0000291_05201_d_0000893.jpg,0.5293
0000356_03921_d_0000649.jpg,data\drifted\fog\val\images\0000356_03921_d_0000649.jpg,0.5293
0000300_03201_d_0000154.jpg,data\drifted\fog\val\images\0000300_03201_d_0000154.jpg,0.5289
0000359_00393_d_0000701.jpg,data\drifted\fog\val\images\0000359_00393_d_0000701.jpg,0.5288
0000223_01802_d_0000005.jpg,data\drifted\fog\val\images\0000223_01802_d_0000005.jpg,0.5287
0000356_02157_d_0000640.jpg,data\drifted\fog\val\images\0000356_02157_d_0000640.jpg,0.5287
0000154_01201_d_0000001.jpg,data\drifted\fog\val\images\0000154_01201_d_0000001.jpg,0.5285
0000295_02200_d_0000032.jpg,data\drifted\fog\val\images\0000295_02200_d_0000032.jpg,0.5284
0000193_01705_d_0000112.jpg,data\drifted\fog\val\images\0000193_01705_d_0000112.jpg,0.5282
0000213_03478_d_0000242.jpg,data\drifted\fog\val\images\0000213_03478_d_0000242.jpg,0.5276
0000276_06001_d_0000537.jpg,data\drifted\fog\val\images\0000276_06001_d_0000537.jpg,0.5274
0000364_01177_d_0000799.jpg,data\drifted\fog\val\images\0000364_01177_d_0000799.jpg,0.5272
0000360_06273_d_0000745.jpg,data\drifted\fog\val\images\0000360_06273_d_0000745.jpg,0.5266
0000289_00401_d_0000813.jpg,data\drifted\fog\val\images\0000289_00401_d_0000813.jpg,0.5263
0000327_02601_d_0000724.jpg,data\drifted\fog\val\images\0000327_02601_d_0000724.jpg,0.5259
0000356_05097_d_0000655.jpg,data\drifted\fog\val\images\0000356_05097_d_0000655.jpg,0.5256
0000289_05601_d_0000839.jpg,data\drifted\fog\val\images\0000289_05601_d_0000839.jpg,0.5247
0000323_02601_d_0000645.jpg,data\drifted\fog\val\images\0000323_02601_d_0000645.jpg,0.5245
0000115_01031_d_0000082.jpg,data\drifted\fog\val\images\0000115_01031_d_0000082.jpg,0.5245
0000271_00801_d_0000378.jpg,data\drifted\fog\val\images\0000271_00801_d_0000378.jpg,0.5226
0000155_00401_d_0000001.jpg,data\drifted\fog\val\images\0000155_00401_d_0000001.jpg,0.5226
0000116_00351_d_0000083.jpg,data\drifted\fog\val\images\0000116_00351_d_0000083.jpg,0.5224
0000291_03601_d_0000886.jpg,data\drifted\fog\val\images\0000291_03601_d_0000886.jpg,0.5217
0000117_02708_d_0000090.jpg,data\drifted\fog\val\images\0000117_02708_d_0000090.jpg,0.5215
0000001_02999_d_0000005.jpg,data\drifted\fog\val\images\0000001_02999_d_0000005.jpg,0.5209
0000316_00201_d_0000520.jpg,data\drifted\fog\val\images\0000316_00201_d_0000520.jpg,0.5208
0000001_08414_d_0000013.jpg,data\drifted\fog\val\images\0000001_08414_d_0000013.jpg,0.5205
0000163_00001_d_0000001.jpg,data\drifted\fog\val\images\0000163_00001_d_0000001.jpg,0.5185
0000117_01326_d_0000088.jpg,data\drifted\fog\val\images\0000117_01326_d_0000088.jpg,0.5182
0000215_00000_d_0000256.jpg,data\drifted\fog\val\images\0000215_00000_d_0000256.jpg,0.5176
0000359_03333_d_0000711.jpg,data\drifted\fog\val\images\0000359_03333_d_0000711.jpg,0.5175
0000271_00601_d_0000377.jpg,data\drifted\fog\val\images\0000271_00601_d_0000377.jpg,0.5173
0000291_04201_d_0000889.jpg,data\drifted\fog\val\images\0000291_04201_d_0000889.jpg,0.5169
0000276_01401_d_0000514.jpg,data\drifted\fog\val\images\0000276_01401_d_0000514.jpg,0.5166
0000271_02401_d_0000385.jpg,data\drifted\fog\val\images\0000271_02401_d_0000385.jpg,0.5164
0000103_01734_d_0000028.jpg,data\drifted\fog\val\images\0000103_01734_d_0000028.jpg,0.5154
0000249_00001_d_0000001.jpg,data\drifted\fog\val\images\0000249_00001_d_0000001.jpg,0.5142
0000154_00401_d_0000001.jpg,data\drifted\fog\val\images\0000154_00401_d_0000001.jpg,0.514
0000154_00001_d_0000001.jpg,data\drifted\fog\val\images\0000154_00001_d_0000001.jpg,0.5139
0000277_00201_d_0000540.jpg,data\drifted\fog\val\images\0000277_00201_d_0000540.jpg,0.5137
0000213_04405_d_0000244.jpg,data\drifted\fog\val\images\0000213_04405_d_0000244.jpg,0.5135
0000301_01001_d_0000161.jpg,data\drifted\fog\val\images\0000301_01001_d_0000161.jpg,0.5132
0000276_01001_d_0000512.jpg,data\drifted\fog\val\images\0000276_01001_d_0000512.jpg,0.5131
0000316_00601_d_0000522.jpg,data\drifted\fog\val\images\0000316_00601_d_0000522.jpg,0.5131
0000356_01961_d_0000639.jpg,data\drifted\fog\val\images\0000356_01961_d_0000639.jpg,0.5128
0000277_04001_d_0000558.jpg,data\drifted\fog\val\images\0000277_04001_d_0000558.jpg,0.5125
0000289_04601_d_0000834.jpg,data\drifted\fog\val\images\0000289_04601_d_0000834.jpg,0.5124
0000348_03333_d_0000423.jpg,data\drifted\fog\val\images\0000348_03333_d_0000423.jpg,0.5124
0000360_00589_d_0000716.jpg,data\drifted\fog\val\images\0000360_00589_d_0000716.jpg,0.5123
0000244_04400_d_0000010.jpg,data\drifted\fog\val\images\0000244_04400_d_0000010.jpg,0.5116
0000356_01177_d_0000635.jpg,data\drifted\fog\val\images\0000356_01177_d_0000635.jpg,0.5114
0000153_00001_d_0000001.jpg,data\drifted\fog\val\images\0000153_00001_d_0000001.jpg,0.5112
0000330_04201_d_0000821.jpg,data\drifted\fog\val\images\0000330_04201_d_0000821.jpg,0.5106
0000196_04512_d_0000144.jpg,data\drifted\fog\val\images\0000196_04512_d_0000144.jpg,0.5104
0000295_02000_d_0000031.jpg,data\drifted\fog\val\images\0000295_02000_d_0000031.jpg,0.5093
0000277_03401_d_0000555.jpg,data\drifted\fog\val\images\0000277_03401_d_0000555.jpg,0.5078
0000162_00801_d_0000001.jpg,data\drifted\fog\val\images\0000162_00801_d_0000001.jpg,0.5077
0000277_02601_d_0000552.jpg,data\drifted\fog\val\images\0000277_02601_d_0000552.jpg,0.5073
0000360_00001_d_0000713.jpg,data\drifted\fog\val\images\0000360_00001_d_0000713.jpg,0.5072
0000277_02401_d_0000551.jpg,data\drifted\fog\val\images\0000277_02401_d_0000551.jpg,0.507
0000360_02745_d_0000727.jpg,data\drifted\fog\val\images\0000360_02745_d_0000727.jpg,0.5068
0000360_00981_d_0000718.jpg,data\drifted\fog\val\images\0000360_00981_d_0000718.jpg,0.5067
0000277_00001_d_0000539.jpg,data\drifted\fog\val\images\0000277_00001_d_0000539.jpg,0.5066
0000280_00401_d_0000614.jpg,data\drifted\fog\val\images\0000280_00401_d_0000614.jpg,0.5059
0000360_03529_d_0000731.jpg,data\drifted\fog\val\images\0000360_03529_d_0000731.jpg,0.5056
0000249_03400_d_0000010.jpg,data\drifted\fog\val\images\0000249_03400_d_0000010.jpg,0.5056
0000271_01601_d_0000381.jpg,data\drifted\fog\val\images\0000271_01601_d_0000381.jpg,0.5056
0000291_05001_d_0000892.jpg,data\drifted\fog\val\images\0000291_05001_d_0000892.jpg,0.5053
0000244_02000_d_0000005.jpg,data\drifted\fog\val\images\0000244_02000_d_0000005.jpg,0.5051
0000276_04801_d_0000531.jpg,data\drifted\fog\val\images\0000276_04801_d_0000531.jpg,0.5049
0000256_00715_d_0000019.jpg,data\drifted\fog\val\images\0000256_00715_d_0000019.jpg,0.5048
0000287_00001_d_0000759.jpg,data\drifted\fog\val\images\0000287_00001_d_0000759.jpg,0.5045
0000276_01801_d_0000516.jpg,data\drifted\fog\val\images\0000276_01801_d_0000516.jpg,0.5044
0000117_03096_d_0000091.jpg,data\drifted\fog\val\images\0000117_03096_d_0000091.jpg,0.5038
0000276_02601_d_0000520.jpg,data\drifted\fog\val\images\0000276_02601_d_0000520.jpg,0.5037
0000249_02900_d_0000009.jpg,data\drifted\fog\val\images\0000249_02900_d_0000009.jpg,0.5037
0000026_04500_d_0000033.jpg,data\drifted\fog\val\images\0000026_04500_d_0000033.jpg,0.5036
0000295_01800_d_0000030.jpg,data\drifted\fog\val\images\0000295_01800_d_0000030.jpg,0.5035
0000327_03201_d_0000727.jpg,data\drifted\fog\val\images\0000327_03201_d_0000727.jpg,0.5029
0000335_03137_d_0000059.jpg,data\drifted\fog\val\images\0000335_03137_d_0000059.jpg,0.5025
0000356_04313_d_0000651.jpg,data\drifted\fog\val\images\0000356_04313_d_0000651.jpg,0.502
0000335_02745_d_0000057.jpg,data\drifted\fog\val\images\0000335_02745_d_0000057.jpg,0.5015
0000277_04201_d_0000559.jpg,data\drifted\fog\val\images\0000277_04201_d_0000559.jpg,0.5007
0000359_01177_d_0000705.jpg,data\drifted\fog\val\images\0000359_01177_d_0000705.jpg,0.5002
0000215_02667_d_0000262.jpg,data\drifted\fog\val\images\0000215_02667_d_0000262.jpg,0.4998
0000327_03801_d_0000730.jpg,data\drifted\fog\val\images\0000327_03801_d_0000730.jpg,0.4997
0000287_00801_d_0000763.jpg,data\drifted\fog\val\images\0000287_00801_d_0000763.jpg,0.4997
0000280_00001_d_0000612.jpg,data\drifted\fog\val\images\0000280_00001_d_0000612.jpg,0.4995
0000356_03529_d_0000647.jpg,data\drifted\fog\val\images\0000356_03529_d_0000647.jpg,0.4987
0000359_00589_d_0000702.jpg,data\drifted\fog\val\images\0000359_00589_d_0000702.jpg,0.4982
0000356_03725_d_0000648.jpg,data\drifted\fog\val\images\0000356_03725_d_0000648.jpg,0.4981
0000001_03499_d_0000006.jpg,data\drifted\fog\val\images\0000001_03499_d_0000006.jpg,0.4977
0000277_03201_d_0000554.jpg,data\drifted\fog\val\images\0000277_03201_d_0000554.jpg,0.4975
0000242_00500_d_0000002.jpg,data\drifted\fog\val\images\0000242_00500_d_0000002.jpg,0.4975
0000335_02549_d_0000056.jpg,data\drifted\fog\val\images\0000335_02549_d_0000056.jpg,0.4973
0000327_02801_d_0000725.jpg,data\drifted\fog\val\images\0000327_02801_d_0000725.jpg,0.4972
0000356_04901_d_0000654.jpg,data\drifted\fog\val\images\0000356_04901_d_0000654.jpg,0.496
0000244_05400_d_0000012.jpg,data\drifted\fog\val\images\0000244_05400_d_0000012.jpg,0.4954
0000242_00001_d_0000001.jpg,data\drifted\fog\val\images\0000242_00001_d_0000001.jpg,0.4953
0000291_01601_d_0000876.jpg,data\drifted\fog\val\images\0000291_01601_d_0000876.jpg,0.495
0000360_07057_d_0000749.jpg,data\drifted\fog\val\images\0000360_07057_d_0000749.jpg,0.4948
0000330_01201_d_0000806.jpg,data\drifted\fog\val\images\0000330_01201_d_0000806.jpg,0.4941
0000335_02353_d_0000055.jpg,data\drifted\fog\val\images\0000335_02353_d_0000055.jpg,0.4935
0000360_04705_d_0000737.jpg,data\drifted\fog\val\images\0000360_04705_d_0000737.jpg,0.4934
0000280_03201_d_0000628.jpg,data\drifted\fog\val\images\0000280_03201_d_0000628.jpg,0.4933
0000283_01001_d_0000679.jpg,data\drifted\fog\val\images\0000283_01001_d_0000679.jpg,0.4933
0000291_00601_d_0000871.jpg,data\drifted\fog\val\images\0000291_00601_d_0000871.jpg,0.4932
0000291_02201_d_0000879.jpg,data\drifted\fog\val\images\0000291_02201_d_0000879.jpg,0.4931
0000335_00981_d_0000048.jpg,data\drifted\fog\val\images\0000335_00981_d_0000048.jpg,0.4931
0000287_00601_d_0000762.jpg,data\drifted\fog\val\images\0000287_00601_d_0000762.jpg,0.4928
0000315_01601_d_0000509.jpg,data\drifted\fog\val\images\0000315_01601_d_0000509.jpg,0.4926
0000291_04401_d_0000890.jpg,data\drifted\fog\val\images\0000291_04401_d_0000890.jpg,0.4923
0000301_00001_d_0000156.jpg,data\drifted\fog\val\images\0000301_00001_d_0000156.jpg,0.4919
0000287_01401_d_0000766.jpg,data\drifted\fog\val\images\0000287_01401_d_0000766.jpg,0.4917
0000358_03333_d_0000697.jpg,data\drifted\fog\val\images\0000358_03333_d_0000697.jpg,0.4914
0000153_01801_d_0000001.jpg,data\drifted\fog\val\images\0000153_01801_d_0000001.jpg,0.491
0000244_05900_d_0000013.jpg,data\drifted\fog\val\images\0000244_05900_d_0000013.jpg,0.4908
0000244_00001_d_0000001.jpg,data\drifted\fog\val\images\0000244_00001_d_0000001.jpg,0.49
0000242_05570_d_0000016.jpg,data\drifted\fog\val\images\0000242_05570_d_0000016.jpg,0.4899
0000001_05249_d_0000009.jpg,data\drifted\fog\val\images\0000001_05249_d_0000009.jpg,0.4899
0000213_04998_d_0000245.jpg,data\drifted\fog\val\images\0000213_04998_d_0000245.jpg,0.4899
0000327_00801_d_0000715.jpg,data\drifted\fog\val\images\0000327_00801_d_0000715.jpg,0.4896
0000356_02745_d_0000643.jpg,data\drifted\fog\val\images\0000356_02745_d_0000643.jpg,0.4895
0000360_00197_d_0000714.jpg,data\drifted\fog\val\images\0000360_00197_d_0000714.jpg,0.4894
0000244_01000_d_0000003.jpg,data\drifted\fog\val\images\0000244_01000_d_0000003.jpg,0.4891
0000360_02941_d_0000728.jpg,data\drifted\fog\val\images\0000360_02941_d_0000728.jpg,0.4883
0000069_00001_d_0000001.jpg,data\drifted\fog\val\images\0000069_00001_d_0000001.jpg,0.4882
0000289_04801_d_0000835.jpg,data\drifted\fog\val\images\0000289_04801_d_0000835.jpg,0.4867
0000213_05340_d_0000246.jpg,data\drifted\fog\val\images\0000213_05340_d_0000246.jpg,0.4865
0000276_04201_d_0000528.jpg,data\drifted\fog\val\images\0000276_04201_d_0000528.jpg,0.4861
0000249_02073_d_0000007.jpg,data\drifted\fog\val\images\0000249_02073_d_0000007.jpg,0.4855
0000359_00785_d_0000703.jpg,data\drifted\fog\val\images\0000359_00785_d_0000703.jpg,0.4855
0000069_01109_d_0000004.jpg,data\drifted\fog\val\images\0000069_01109_d_0000004.jpg,0.485
0000280_01001_d_0000617.jpg,data\drifted\fog\val\images\0000280_01001_d_0000617.jpg,0.4849
0000289_01401_d_0000818.jpg,data\drifted\fog\val\images\0000289_01401_d_0000818.jpg,0.4847
0000287_02601_d_0000772.jpg,data\drifted\fog\val\images\0000287_02601_d_0000772.jpg,0.4838
0000327_00401_d_0000713.jpg,data\drifted\fog\val\images\0000327_00401_d_0000713.jpg,0.4834
0000242_06010_d_0000017.jpg,data\drifted\fog\val\images\0000242_06010_d_0000017.jpg,0.483
0000115_00315_d_0000080.jpg,data\drifted\fog\val\images\0000115_00315_d_0000080.jpg,0.4829
0000193_00000_d_0000103.jpg,data\drifted\fog\val\images\0000193_00000_d_0000103.jpg,0.4823
0000242_00627_d_0000003.jpg,data\drifted\fog\val\images\0000242_00627_d_0000003.jpg,0.482
0000194_01192_d_0000125.jpg,data\drifted\fog\val\images\0000194_01192_d_0000125.jpg,0.482
0000271_03001_d_0000387.jpg,data\drifted\fog\val\images\0000271_03001_d_0000387.jpg,0.4819
0000327_03001_d_0000726.jpg,data\drifted\fog\val\images\0000327_03001_d_0000726.jpg,0.4817
0000242_05059_d_0000015.jpg,data\drifted\fog\val\images\0000242_05059_d_0000015.jpg,0.4806
0000271_00001_d_0000374.jpg,data\drifted\fog\val\images\0000271_00001_d_0000374.jpg,0.4803
0000356_04117_d_0000650.jpg,data\drifted\fog\val\images\0000356_04117_d_0000650.jpg,0.4802
0000356_00589_d_0000632.jpg,data\drifted\fog\val\images\0000356_00589_d_0000632.jpg,0.48
0000086_00000_d_0000001.jpg,data\drifted\fog\val\images\0000086_00000_d_0000001.jpg,0.4799
0000271_00401_d_0000376.jpg,data\drifted\fog\val\images\0000271_00401_d_0000376.jpg,0.4793
0000291_02001_d_0000878.jpg,data\drifted\fog\val\images\0000291_02001_d_0000878.jpg,0.4793
0000289_01601_d_0000819.jpg,data\drifted\fog\val\images\0000289_01601_d_0000819.jpg,0.4787
0000330_00001_d_0000800.jpg,data\drifted\fog\val\images\0000330_00001_d_0000800.jpg,0.4783
0000277_05001_d_0000562.jpg,data\drifted\fog\val\images\0000277_05001_d_0000562.jpg,0.4779
0000249_03900_d_0000011.jpg,data\drifted\fog\val\images\0000249_03900_d_0000011.jpg,0.4778
0000269_00001_d_0000348.jpg,data\drifted\fog\val\images\0000269_00001_d_0000348.jpg,0.4769
0000276_03601_d_0000525.jpg,data\drifted\fog\val\images\0000276_03601_d_0000525.jpg,0.4766
0000026_02500_d_0000029.jpg,data\drifted\fog\val\images\0000026_02500_d_0000029.jpg,0.4764
0000360_06861_d_0000748.jpg,data\drifted\fog\val\images\0000360_06861_d_0000748.jpg,0.476
0000330_01401_d_0000807.jpg,data\drifted\fog\val\images\0000330_01401_d_0000807.jpg,0.4754
0000287_01201_d_0000765.jpg,data\drifted\fog\val\images\0000287_01201_d_0000765.jpg,0.4752
0000277_01401_d_0000546.jpg,data\drifted\fog\val\images\0000277_01401_d_0000546.jpg,0.4746
0000345_07057_d_0000345.jpg,data\drifted\fog\val\images\0000345_07057_d_0000345.jpg,0.4745
0000280_01601_d_0000620.jpg,data\drifted\fog\val\images\0000280_01601_d_0000620.jpg,0.4744
0000249_02468_d_0000008.jpg,data\drifted\fog\val\images\0000249_02468_d_0000008.jpg,0.4739
0000271_01201_d_0000379.jpg,data\drifted\fog\val\images\0000271_01201_d_0000379.jpg,0.4738
0000193_01876_d_0000113.jpg,data\drifted\fog\val\images\0000193_01876_d_0000113.jpg,0.4733
0000291_01801_d_0000877.jpg,data\drifted\fog\val\images\0000291_01801_d_0000877.jpg,0.4724
0000330_00801_d_0000804.jpg,data\drifted\fog\val\images\0000330_00801_d_0000804.jpg,0.4723
0000244_04900_d_0000011.jpg,data\drifted\fog\val\images\0000244_04900_d_0000011.jpg,0.4719
0000280_02201_d_0000623.jpg,data\drifted\fog\val\images\0000280_02201_d_0000623.jpg,0.4717
0000072_02834_d_0000003.jpg,data\drifted\fog\val\images\0000072_02834_d_0000003.jpg,0.4705
0000346_02549_d_0000359.jpg,data\drifted\fog\val\images\0000346_02549_d_0000359.jpg,0.4704
0000249_01635_d_0000006.jpg,data\drifted\fog\val\images\0000249_01635_d_0000006.jpg,0.4693
0000220_01242_d_0000004.jpg,data\drifted\fog\val\images\0000220_01242_d_0000004.jpg,0.4692
0000330_02801_d_0000814.jpg,data\drifted\fog\val\images\0000330_02801_d_0000814.jpg,0.4685
0000271_06401_d_0000404.jpg,data\drifted\fog\val\images\0000271_06401_d_0000404.jpg,0.4684
0000271_00201_d_0000375.jpg,data\drifted\fog\val\images\0000271_00201_d_0000375.jpg,0.4683
0000276_03401_d_0000524.jpg,data\drifted\fog\val\images\0000276_03401_d_0000524.jpg,0.4679
0000295_01200_d_0000027.jpg,data\drifted\fog\val\images\0000295_01200_d_0000027.jpg,0.4674
0000289_03601_d_0000829.jpg,data\drifted\fog\val\images\0000289_03601_d_0000829.jpg,0.4672
0000360_05293_d_0000740.jpg,data\drifted\fog\val\images\0000360_05293_d_0000740.jpg,0.4663
0000076_02142_d_0000009.jpg,data\drifted\fog\val\images\0000076_02142_d_0000009.jpg,0.4656
0000271_04401_d_0000394.jpg,data\drifted\fog\val\images\0000271_04401_d_0000394.jpg,0.4644
0000215_00447_d_0000257.jpg,data\drifted\fog\val\images\0000215_00447_d_0000257.jpg,0.464
0000289_00201_d_0000812.jpg,data\drifted\fog\val\images\0000289_00201_d_0000812.jpg,0.4635
0000330_01601_d_0000808.jpg,data\drifted\fog\val\images\0000330_01601_d_0000808.jpg,0.4632
0000289_05001_d_0000836.jpg,data\drifted\fog\val\images\0000289_05001_d_0000836.jpg,0.4628
0000335_00197_d_0000044.jpg,data\drifted\fog\val\images\0000335_00197_d_0000044.jpg,0.4627
0000276_05001_d_0000532.jpg,data\drifted\fog\val\images\0000276_05001_d_0000532.jpg,0.4617
0000271_05601_d_0000400.jpg,data\drifted\fog\val\images\0000271_05601_d_0000400.jpg,0.4617
0000280_03401_d_0000629.jpg,data\drifted\fog\val\images\0000280_03401_d_0000629.jpg,0.4617
0000001_05999_d_0000011.jpg,data\drifted\fog\val\images\0000001_05999_d_0000011.jpg,0.4616
0000276_03001_d_0000522.jpg,data\drifted\fog\val\images\0000276_03001_d_0000522.jpg,0.4612
0000194_00998_d_0000124.jpg,data\drifted\fog\val\images\0000194_00998_d_0000124.jpg,0.4612
0000271_02601_d_0000386.jpg,data\drifted\fog\val\images\0000271_02601_d_0000386.jpg,0.4605
0000293_03601_d_0000940.jpg,data\drifted\fog\val\images\0000293_03601_d_0000940.jpg,0.4595
0000271_01401_d_0000380.jpg,data\drifted\fog\val\images\0000271_01401_d_0000380.jpg,0.4594
0000271_05201_d_0000398.jpg,data\drifted\fog\val\images\0000271_05201_d_0000398.jpg,0.4593
0000213_03920_d_0000243.jpg,data\drifted\fog\val\images\0000213_03920_d_0000243.jpg,0.4592
0000287_01001_d_0000764.jpg,data\drifted\fog\val\images\0000287_01001_d_0000764.jpg,0.4591
0000346_00001_d_0000346.jpg,data\drifted\fog\val\images\0000346_00001_d_0000346.jpg,0.4585
0000295_00000_d_0000021.jpg,data\drifted\fog\val\images\0000295_00000_d_0000021.jpg,0.4585
0000330_04601_d_0000823.jpg,data\drifted\fog\val\images\0000330_04601_d_0000823.jpg,0.4578
0000291_03401_d_0000885.jpg,data\drifted\fog\val\images\0000291_03401_d_0000885.jpg,0.4578
0000276_02001_d_0000517.jpg,data\drifted\fog\val\images\0000276_02001_d_0000517.jpg,0.4576
0000316_02001_d_0000529.jpg,data\drifted\fog\val\images\0000316_02001_d_0000529.jpg,0.4576
0000069_01878_d_0000005.jpg,data\drifted\fog\val\images\0000069_01878_d_0000005.jpg,0.4575
0000249_01100_d_0000004.jpg,data\drifted\fog\val\images\0000249_01100_d_0000004.jpg,0.457
0000356_01569_d_0000637.jpg,data\drifted\fog\val\images\0000356_01569_d_0000637.jpg,0.4569
0000301_01201_d_0000162.jpg,data\drifted\fog\val\images\0000301_01201_d_0000162.jpg,0.4569
0000295_02900_d_0000034.jpg,data\drifted\fog\val\images\0000295_02900_d_0000034.jpg,0.4562
0000280_01401_d_0000619.jpg,data\drifted\fog\val\images\0000280_01401_d_0000619.jpg,0.455
0000335_00589_d_0000046.jpg,data\drifted\fog\val\images\0000335_00589_d_0000046.jpg,0.4538
0000277_04601_d_0000561.jpg,data\drifted\fog\val\images\0000277_04601_d_0000561.jpg,0.453
0000271_06201_d_0000403.jpg,data\drifted\fog\val\images\0000271_06201_d_0000403.jpg,0.4528
0000215_02319_d_0000261.jpg,data\drifted\fog\val\images\0000215_02319_d_0000261.jpg,0.4526
0000289_04001_d_0000831.jpg,data\drifted\fog\val\images\0000289_04001_d_0000831.jpg,0.4519
0000296_01001_d_0000040.jpg,data\drifted\fog\val\images\0000296_01001_d_0000040.jpg,0.4517
0000360_02353_d_0000725.jpg,data\drifted\fog\val\images\0000360_02353_d_0000725.jpg,0.451
0000277_02001_d_0000549.jpg,data\drifted\fog\val\images\0000277_02001_d_0000549.jpg,0.4503
0000327_03401_d_0000728.jpg,data\drifted\fog\val\images\0000327_03401_d_0000728.jpg,0.4495
0000287_00401_d_0000761.jpg,data\drifted\fog\val\images\0000287_00401_d_0000761.jpg,0.4486
0000327_01801_d_0000720.jpg,data\drifted\fog\val\images\0000327_01801_d_0000720.jpg,0.4484
0000295_00600_d_0000024.jpg,data\drifted\fog\val\images\0000295_00600_d_0000024.jpg,0.4483
0000289_00601_d_0000814.jpg,data\drifted\fog\val\images\0000289_00601_d_0000814.jpg,0.4479
0000295_00800_d_0000025.jpg,data\drifted\fog\val\images\0000295_00800_d_0000025.jpg,0.4466
0000280_01801_d_0000621.jpg,data\drifted\fog\val\images\0000280_01801_d_0000621.jpg,0.4463
0000289_06801_d_0000845.jpg,data\drifted\fog\val\images\0000289_06801_d_0000845.jpg,0.4461
0000287_02401_d_0000771.jpg,data\drifted\fog\val\images\0000287_02401_d_0000771.jpg,0.446
0000295_01000_d_0000026.jpg,data\drifted\fog\val\images\0000295_01000_d_0000026.jpg,0.4458
0000330_00201_d_0000801.jpg,data\drifted\fog\val\images\0000330_00201_d_0000801.jpg,0.4456
0000276_03201_d_0000523.jpg,data\drifted\fog\val\images\0000276_03201_d_0000523.jpg,0.4449
0000237_00001_d_0000001.jpg,data\drifted\fog\val\images\0000237_00001_d_0000001.jpg,0.4448
0000277_01801_d_0000548.jpg,data\drifted\fog\val\images\0000277_01801_d_0000548.jpg,0.4448
0000271_05001_d_0000397.jpg,data\drifted\fog\val\images\0000271_05001_d_0000397.jpg,0.444
0000356_01765_d_0000638.jpg,data\drifted\fog\val\images\0000356_01765_d_0000638.jpg,0.4435
0000346_01961_d_0000356.jpg,data\drifted\fog\val\images\0000346_01961_d_0000356.jpg,0.443
0000316_01201_d_0000525.jpg,data\drifted\fog\val\images\0000316_01201_d_0000525.jpg,0.4427
0000316_01401_d_0000526.jpg,data\drifted\fog\val\images\0000316_01401_d_0000526.jpg,0.4425
0000269_00201_d_0000349.jpg,data\drifted\fog\val\images\0000269_00201_d_0000349.jpg,0.4421
0000271_07001_d_0000407.jpg,data\drifted\fog\val\images\0000271_07001_d_0000407.jpg,0.4411
0000162_00001_d_0000001.jpg,data\drifted\fog\val\images\0000162_00001_d_0000001.jpg,0.441
0000308_04401_d_0000327.jpg,data\drifted\fog\val\images\0000308_04401_d_0000327.jpg,0.441
0000271_05801_d_0000401.jpg,data\drifted\fog\val\images\0000271_05801_d_0000401.jpg,0.4401
0000316_00401_d_0000521.jpg,data\drifted\fog\val\images\0000316_00401_d_0000521.jpg,0.4399
0000215_03226_d_0000264.jpg,data\drifted\fog\val\images\0000215_03226_d_0000264.jpg,0.4398
0000335_01961_d_0000053.jpg,data\drifted\fog\val\images\0000335_01961_d_0000053.jpg,0.4393
0000276_00601_d_0000510.jpg,data\drifted\fog\val\images\0000276_00601_d_0000510.jpg,0.4392
0000194_00800_d_0000123.jpg,data\drifted\fog\val\images\0000194_00800_d_0000123.jpg,0.439
0000289_06401_d_0000843.jpg,data\drifted\fog\val\images\0000289_06401_d_0000843.jpg,0.439
0000215_01869_d_0000260.jpg,data\drifted\fog\val\images\0000215_01869_d_0000260.jpg,0.4389
0000360_06665_d_0000747.jpg,data\drifted\fog\val\images\0000360_06665_d_0000747.jpg,0.4388
0000023_00868_d_0000010.jpg,data\drifted\fog\val\images\0000023_00868_d_0000010.jpg,0.4388
0000327_00001_d_0000711.jpg,data\drifted\fog\val\images\0000327_00001_d_0000711.jpg,0.4388
0000271_03801_d_0000391.jpg,data\drifted\fog\val\images\0000271_03801_d_0000391.jpg,0.4385
0000289_05401_d_0000838.jpg,data\drifted\fog\val\images\0000289_05401_d_0000838.jpg,0.4384
0000360_03333_d_0000730.jpg,data\drifted\fog\val\images\0000360_03333_d_0000730.jpg,0.4382
0000301_00201_d_0000157.jpg,data\drifted\fog\val\images\0000301_00201_d_0000157.jpg,0.438
0000271_04801_d_0000396.jpg,data\drifted\fog\val\images\0000271_04801_d_0000396.jpg,0.4374
0000276_03801_d_0000526.jpg,data\drifted\fog\val\images\0000276_03801_d_0000526.jpg,0.4372
0000289_03401_d_0000828.jpg,data\drifted\fog\val\images\0000289_03401_d_0000828.jpg,0.4368
0000330_00401_d_0000802.jpg,data\drifted\fog\val\images\0000330_00401_d_0000802.jpg,0.4364
0000316_02201_d_0000530.jpg,data\drifted\fog\val\images\0000316_02201_d_0000530.jpg,0.4354
0000335_01765_d_0000052.jpg,data\drifted\fog\val\images\0000335_01765_d_0000052.jpg,0.4353
0000327_00201_d_0000712.jpg,data\drifted\fog\val\images\0000327_00201_d_0000712.jpg,0.4352
0000249_00235_d_0000002.jpg,data\drifted\fog\val\images\0000249_00235_d_0000002.jpg,0.4338
0000330_04401_d_0000822.jpg,data\drifted\fog\val\images\0000330_04401_d_0000822.jpg,0.4336
0000244_03000_d_0000007.jpg,data\drifted\fog\val\images\0000244_03000_d_0000007.jpg,0.4335
0000289_06201_d_0000842.jpg,data\drifted\fog\val\images\0000289_06201_d_0000842.jpg,0.4332
0000287_01601_d_0000767.jpg,data\drifted\fog\val\images\0000287_01601_d_0000767.jpg,0.4326
0000360_07645_d_0000752.jpg,data\drifted\fog\val\images\0000360_07645_d_0000752.jpg,0.4325
0000280_02601_d_0000625.jpg,data\drifted\fog\val\images\0000280_02601_d_0000625.jpg,0.4323
0000242_01475_d_0000007.jpg,data\drifted\fog\val\images\0000242_01475_d_0000007.jpg,0.4317
0000069_02480_d_0000007.jpg,data\drifted\fog\val\images\0000069_02480_d_0000007.jpg,0.4312
0000330_01801_d_0000809.jpg,data\drifted\fog\val\images\0000330_01801_d_0000809.jpg,0.431
0000276_02401_d_0000519.jpg,data\drifted\fog\val\images\0000276_02401_d_0000519.jpg,0.4309
0000335_00785_d_0000047.jpg,data\drifted\fog\val\images\0000335_00785_d_0000047.jpg,0.4308
0000327_01401_d_0000718.jpg,data\drifted\fog\val\images\0000327_01401_d_0000718.jpg,0.4306
0000277_02201_d_0000550.jpg,data\drifted\fog\val\images\0000277_02201_d_0000550.jpg,0.4306
0000360_04117_d_0000734.jpg,data\drifted\fog\val\images\0000360_04117_d_0000734.jpg,0.43
0000277_03601_d_0000556.jpg,data\drifted\fog\val\images\0000277_03601_d_0000556.jpg,0.4299
0000330_01001_d_0000805.jpg,data\drifted\fog\val\images\0000330_01001_d_0000805.jpg,0.4299
0000289_02401_d_0000823.jpg,data\drifted\fog\val\images\0000289_02401_d_0000823.jpg,0.4296
0000069_00483_d_0000002.jpg,data\drifted\fog\val\images\0000069_00483_d_0000002.jpg,0.4295
0000289_05801_d_0000840.jpg,data\drifted\fog\val\images\0000289_05801_d_0000840.jpg,0.4294
0000199_01269_d_0000166.jpg,data\drifted\fog\val\images\0000199_01269_d_0000166.jpg,0.429
0000360_00393_d_0000715.jpg,data\drifted\fog\val\images\0000360_00393_d_0000715.jpg,0.4288
0000289_02001_d_0000821.jpg,data\drifted\fog\val\images\0000289_02001_d_0000821.jpg,0.4285
0000280_01201_d_0000618.jpg,data\drifted\fog\val\images\0000280_01201_d_0000618.jpg,0.4283
0000303_03401_d_0000200.jpg,data\drifted\fog\val\images\0000303_03401_d_0000200.jpg,0.4282
0000335_04313_d_0000065.jpg,data\drifted\fog\val\images\0000335_04313_d_0000065.jpg,0.4273
0000276_00401_d_0000509.jpg,data\drifted\fog\val\images\0000276_00401_d_0000509.jpg,0.4273
0000289_06001_d_0000841.jpg,data\drifted\fog\val\images\0000289_06001_d_0000841.jpg,0.427
0000289_00001_d_0000811.jpg,data\drifted\fog\val\images\0000289_00001_d_0000811.jpg,0.4268
0000330_03001_d_0000815.jpg,data\drifted\fog\val\images\0000330_03001_d_0000815.jpg,0.4266
0000280_02401_d_0000624.jpg,data\drifted\fog\val\images\0000280_02401_d_0000624.jpg,0.4263
0000215_01395_d_0000259.jpg,data\drifted\fog\val\images\0000215_01395_d_0000259.jpg,0.426
0000269_00601_d_0000351.jpg,data\drifted\fog\val\images\0000269_00601_d_0000351.jpg,0.4253
0000360_03921_d_0000733.jpg,data\drifted\fog\val\images\0000360_03921_d_0000733.jpg,0.4241
0000327_01001_d_0000716.jpg,data\drifted\fog\val\images\0000327_01001_d_0000716.jpg,0.4208
0000330_04001_d_0000820.jpg,data\drifted\fog\val\images\0000330_04001_d_0000820.jpg,0.4204
0000289_06601_d_0000844.jpg,data\drifted\fog\val\images\0000289_06601_d_0000844.jpg,0.4202
0000289_03001_d_0000826.jpg,data\drifted\fog\val\images\0000289_03001_d_0000826.jpg,0.4196
0000283_00401_d_0000676.jpg,data\drifted\fog\val\images\0000283_00401_d_0000676.jpg,0.4189
0000330_00601_d_0000803.jpg,data\drifted\fog\val\images\0000330_00601_d_0000803.jpg,0.4176
0000346_03921_d_0000366.jpg,data\drifted\fog\val\images\0000346_03921_d_0000366.jpg,0.4175
0000271_06001_d_0000402.jpg,data\drifted\fog\val\images\0000271_06001_d_0000402.jpg,0.4172
0000103_04122_d_0000033.jpg,data\drifted\fog\val\images\0000103_04122_d_0000033.jpg,0.4157
0000280_00201_d_0000613.jpg,data\drifted\fog\val\images\0000280_00201_d_0000613.jpg,0.4157
0000253_00001_d_0000001.jpg,data\drifted\fog\val\images\0000253_00001_d_0000001.jpg,0.4154
0000360_07253_d_0000750.jpg,data\drifted\fog\val\images\0000360_07253_d_0000750.jpg,0.4154
0000069_02163_d_0000006.jpg,data\drifted\fog\val\images\0000069_02163_d_0000006.jpg,0.415
0000360_03137_d_0000729.jpg,data\drifted\fog\val\images\0000360_03137_d_0000729.jpg,0.4148
0000277_04401_d_0000560.jpg,data\drifted\fog\val\images\0000277_04401_d_0000560.jpg,0.4148
0000242_01912_d_0000008.jpg,data\drifted\fog\val\images\0000242_01912_d_0000008.jpg,0.4137
0000242_00963_d_0000005.jpg,data\drifted\fog\val\images\0000242_00963_d_0000005.jpg,0.4133
0000330_02201_d_0000811.jpg,data\drifted\fog\val\images\0000330_02201_d_0000811.jpg,0.4113
0000215_00909_d_0000258.jpg,data\drifted\fog\val\images\0000215_00909_d_0000258.jpg,0.4112
0000024_01543_d_0000015.jpg,data\drifted\fog\val\images\0000024_01543_d_0000015.jpg,0.4104
0000335_03333_d_0000060.jpg,data\drifted\fog\val\images\0000335_03333_d_0000060.jpg,0.4094
0000359_01373_d_0000706.jpg,data\drifted\fog\val\images\0000359_01373_d_0000706.jpg,0.4091
0000312_00001_d_0000414.jpg,data\drifted\fog\val\images\0000312_00001_d_0000414.jpg,0.4085
0000249_01514_d_0000005.jpg,data\drifted\fog\val\images\0000249_01514_d_0000005.jpg,0.4074
0000069_00713_d_0000003.jpg,data\drifted\fog\val\images\0000069_00713_d_0000003.jpg,0.4071
0000330_03201_d_0000816.jpg,data\drifted\fog\val\images\0000330_03201_d_0000816.jpg,0.4052
0000287_02001_d_0000769.jpg,data\drifted\fog\val\images\0000287_02001_d_0000769.jpg,0.405
0000312_00201_d_0000415.jpg,data\drifted\fog\val\images\0000312_00201_d_0000415.jpg,0.4042
0000330_02001_d_0000810.jpg,data\drifted\fog\val\images\0000330_02001_d_0000810.jpg,0.4038
0000289_00801_d_0000815.jpg,data\drifted\fog\val\images\0000289_00801_d_0000815.jpg,0.401
0000280_02801_d_0000626.jpg,data\drifted\fog\val\images\0000280_02801_d_0000626.jpg,0.4005
0000280_02001_d_0000622.jpg,data\drifted\fog\val\images\0000280_02001_d_0000622.jpg,0.4001
0000117_01731_d_0000089.jpg,data\drifted\fog\val\images\0000117_01731_d_0000089.jpg,0.3998
0000242_04600_d_0000014.jpg,data\drifted\fog\val\images\0000242_04600_d_0000014.jpg,0.3989
0000312_02201_d_0000425.jpg,data\drifted\fog\val\images\0000312_02201_d_0000425.jpg,0.3988
0000359_01961_d_0000707.jpg,data\drifted\fog\val\images\0000359_01961_d_0000707.jpg,0.3986
0000316_01601_d_0000527.jpg,data\drifted\fog\val\images\0000316_01601_d_0000527.jpg,0.3981
0000276_02201_d_0000518.jpg,data\drifted\fog\val\images\0000276_02201_d_0000518.jpg,0.3967
0000287_00201_d_0000760.jpg,data\drifted\fog\val\images\0000287_00201_d_0000760.jpg,0.3949
0000359_02353_d_0000708.jpg,data\drifted\fog\val\images\0000359_02353_d_0000708.jpg,0.3933
0000289_05201_d_0000837.jpg,data\drifted\fog\val\images\0000289_05201_d_0000837.jpg,0.3933
0000271_06601_d_0000405.jpg,data\drifted\fog\val\images\0000271_06601_d_0000405.jpg,0.3932
0000289_01001_d_0000816.jpg,data\drifted\fog\val\images\0000289_01001_d_0000816.jpg,0.3931
0000249_00603_d_0000003.jpg,data\drifted\fog\val\images\0000249_00603_d_0000003.jpg,0.393
0000242_03668_d_0000012.jpg,data\drifted\fog\val\images\0000242_03668_d_0000012.jpg,0.3915
0000242_02762_d_0000010.jpg,data\drifted\fog\val\images\0000242_02762_d_0000010.jpg,0.3911
0000213_05745_d_0000247.jpg,data\drifted\fog\val\images\0000213_05745_d_0000247.jpg,0.3905
0000295_00200_d_0000022.jpg,data\drifted\fog\val\images\0000295_00200_d_0000022.jpg,0.3895
0000287_02801_d_0000773.jpg,data\drifted\fog\val\images\0000287_02801_d_0000773.jpg,0.3881
0000271_05401_d_0000399.jpg,data\drifted\fog\val\images\0000271_05401_d_0000399.jpg,0.3866
0000289_02201_d_0000822.jpg,data\drifted\fog\val\images\0000289_02201_d_0000822.jpg,0.3862
0000312_01201_d_0000420.jpg,data\drifted\fog\val\images\0000312_01201_d_0000420.jpg,0.3862
0000242_04116_d_0000013.jpg,data\drifted\fog\val\images\0000242_04116_d_0000013.jpg,0.3861
0000276_01201_d_0000513.jpg,data\drifted\fog\val\images\0000276_01201_d_0000513.jpg,0.3838
0000335_06665_d_0000077.jpg,data\drifted\fog\val\images\0000335_06665_d_0000077.jpg,0.3832
0000276_05201_d_0000533.jpg,data\drifted\fog\val\images\0000276_05201_d_0000533.jpg,0.3824
0000290_04001_d_0000867.jpg,data\drifted\fog\val\images\0000290_04001_d_0000867.jpg,0.381
0000271_06801_d_0000406.jpg,data\drifted\fog\val\images\0000271_06801_d_0000406.jpg,0.3806
0000289_02601_d_0000824.jpg,data\drifted\fog\val\images\0000289_02601_d_0000824.jpg,0.3804
0000289_03201_d_0000827.jpg,data\drifted\fog\val\images\0000289_03201_d_0000827.jpg,0.3803
0000312_04201_d_0000435.jpg,data\drifted\fog\val\images\0000312_04201_d_0000435.jpg,0.3797
0000103_04513_d_0000034.jpg,data\drifted\fog\val\images\0000103_04513_d_0000034.jpg,0.3792
0000333_03333_d_0000018.jpg,data\drifted\fog\val\images\0000333_03333_d_0000018.jpg,0.3762
0000103_03349_d_0000031.jpg,data\drifted\fog\val\images\0000103_03349_d_0000031.jpg,0.3737
0000335_00393_d_0000045.jpg,data\drifted\fog\val\images\0000335_00393_d_0000045.jpg,0.373
0000242_02400_d_0000009.jpg,data\drifted\fog\val\images\0000242_02400_d_0000009.jpg,0.3703
0000287_02201_d_0000770.jpg,data\drifted\fog\val\images\0000287_02201_d_0000770.jpg,0.369
0000333_02745_d_0000015.jpg,data\drifted\fog\val\images\0000333_02745_d_0000015.jpg,0.369
0000216_00520_d_0000001.jpg,data\drifted\fog\val\images\0000216_00520_d_0000001.jpg,0.3688
0000335_00001_d_0000043.jpg,data\drifted\fog\val\images\0000335_00001_d_0000043.jpg,0.3679
0000276_04401_d_0000529.jpg,data\drifted\fog\val\images\0000276_04401_d_0000529.jpg,0.3645
0000312_00601_d_0000417.jpg,data\drifted\fog\val\images\0000312_00601_d_0000417.jpg,0.3636
0000296_00601_d_0000038.jpg,data\drifted\fog\val\images\0000296_00601_d_0000038.jpg,0.3623
0000333_02157_d_0000012.jpg,data\drifted\fog\val\images\0000333_02157_d_0000012.jpg,0.3585
0000359_02549_d_0000709.jpg,data\drifted\fog\val\images\0000359_02549_d_0000709.jpg,0.3584
0000271_07401_d_0000409.jpg,data\drifted\fog\val\images\0000271_07401_d_0000409.jpg,0.3552
0000103_00502_d_0000027.jpg,data\drifted\fog\val\images\0000103_00502_d_0000027.jpg,0.3523
0000333_03137_d_0000017.jpg,data\drifted\fog\val\images\0000333_03137_d_0000017.jpg,0.3501
0000289_03801_d_0000830.jpg,data\drifted\fog\val\images\0000289_03801_d_0000830.jpg,0.3495
0000335_03921_d_0000063.jpg,data\drifted\fog\val\images\0000335_03921_d_0000063.jpg,0.3489
0000335_04117_d_0000064.jpg,data\drifted\fog\val\images\0000335_04117_d_0000064.jpg,0.3483
0000287_04801_d_0000781.jpg,data\drifted\fog\val\images\0000287_04801_d_0000781.jpg,0.3469
0000335_05097_d_0000069.jpg,data\drifted\fog\val\images\0000335_05097_d_0000069.jpg,0.3466
0000242_03199_d_0000011.jpg,data\drifted\fog\val\images\0000242_03199_d_0000011.jpg,0.3464
0000312_01001_d_0000419.jpg,data\drifted\fog\val\images\0000312_01001_d_0000419.jpg,0.3432
0000333_02941_d_0000016.jpg,data\drifted\fog\val\images\0000333_02941_d_0000016.jpg,0.3425
0000335_06861_d_0000078.jpg,data\drifted\fog\val\images\0000335_06861_d_0000078.jpg,0.3415
0000312_02401_d_0000426.jpg,data\drifted\fog\val\images\0000312_02401_d_0000426.jpg,0.3408
0000215_02932_d_0000263.jpg,data\drifted\fog\val\images\0000215_02932_d_0000263.jpg,0.3385
0000335_03725_d_0000062.jpg,data\drifted\fog\val\images\0000335_03725_d_0000062.jpg,0.338
0000335_06469_d_0000076.jpg,data\drifted\fog\val\images\0000335_06469_d_0000076.jpg,0.336
0000327_01201_d_0000717.jpg,data\drifted\fog\val\images\0000327_01201_d_0000717.jpg,0.3359
0000359_03529_d_0000712.jpg,data\drifted\fog\val\images\0000359_03529_d_0000712.jpg,0.3327
0000287_03001_d_0000774.jpg,data\drifted\fog\val\images\0000287_03001_d_0000774.jpg,0.332
0000129_02411_d_0000138.jpg,data\drifted\fog\val\images\0000129_02411_d_0000138.jpg,0.3242
0000316_01801_d_0000528.jpg,data\drifted\fog\val\images\0000316_01801_d_0000528.jpg,0.3219
0000333_02353_d_0000013.jpg,data\drifted\fog\val\images\0000333_02353_d_0000013.jpg,0.3188
0000001_05499_d_0000010.jpg,data\drifted\fog\val\images\0000001_05499_d_0000010.jpg,0.3165
0000026_00500_d_0000025.jpg,data\drifted\fog\val\images\0000026_00500_d_0000025.jpg,0.3146
0000026_04978_d_0000034.jpg,data\drifted\fog\val\images\0000026_04978_d_0000034.jpg,0.3091
0000333_00001_d_0000001.jpg,data\drifted\fog\val\images\0000333_00001_d_0000001.jpg,0.3067
0000287_05001_d_0000782.jpg,data\drifted\fog\val\images\0000287_05001_d_0000782.jpg,0.3006
0000333_01961_d_0000011.jpg,data\drifted\fog\val\images\0000333_01961_d_0000011.jpg,0.2992
0000333_02549_d_0000014.jpg,data\drifted\fog\val\images\0000333_02549_d_0000014.jpg,0.2945
0000287_03401_d_0000776.jpg,data\drifted\fog\val\images\0000287_03401_d_0000776.jpg,0.2945
0000289_07201_d_0000847.jpg,data\drifted\fog\val\images\0000289_07201_d_0000847.jpg,0.2933
0000333_03725_d_0000020.jpg,data\drifted\fog\val\images\0000333_03725_d_0000020.jpg,0.2915
0000333_03529_d_0000019.jpg,data\drifted\fog\val\images\0000333_03529_d_0000019.jpg,0.2876
0000026_01000_d_0000026.jpg,data\drifted\fog\val\images\0000026_01000_d_0000026.jpg,0.2847
0000333_01765_d_0000010.jpg,data\drifted\fog\val\images\0000333_01765_d_0000010.jpg,0.2787
0000289_07001_d_0000846.jpg,data\drifted\fog\val\images\0000289_07001_d_0000846.jpg,0.2747
0000026_03500_d_0000031.jpg,data\drifted\fog\val\images\0000026_03500_d_0000031.jpg,0.2691
0000335_05685_d_0000072.jpg,data\drifted\fog\val\images\0000335_05685_d_0000072.jpg,0.2673
0000287_04601_d_0000780.jpg,data\drifted\fog\val\images\0000287_04601_d_0000780.jpg,0.2567
0000263_02401_d_0000179.jpg,data\drifted\fog\val\images\0000263_02401_d_0000179.jpg,0.2529
0000026_01500_d_0000027.jpg,data\drifted\fog\val\images\0000026_01500_d_0000027.jpg,0.224
0000026_02000_d_0000028.jpg,data\drifted\fog\val\images\0000026_02000_d_0000028.jpg,0.205
0000026_03000_d_0000030.jpg,data\drifted\fog\val\images\0000026_03000_d_0000030.jpg,0.1911
0000026_00000_d_0000024.jpg,data\drifted\fog\val\images\0000026_00000_d_0000024.jpg,0.1904
0000026_04000_d_0000032.jpg,data\drifted\fog\val\images\0000026_04000_d_0000032.jpg,0.1831
0000242_00843_d_0000004.jpg,data\drifted\fog\val\images\0000242_00843_d_0000004.jpg,0.1758
0000103_03738_d_0000032.jpg,data\drifted\fog\val\images\0000103_03738_d_0000032.jpg,0.0125
